Kategori,Kode,Nama Barang,Satuan,Stok Awal File,Stok Sekarang File,Stok App Awal,Pcs/Dus,Lokasi,Supplier,Harga
Produk Akhir,PA01,Wedges Plain 500gr,pcs,0,0,0,20,Freezer Produk Jadi - 500gr,Produksi Internal,0
Produk Akhir,PA02,Wedges Plain 1kg,pcs,0,0,0,10,Freezer Produk Jadi - 1kg,Produksi Internal,28000
Produk Akhir,PA03,Wedges Plain 2kg,pcs,0,0,0,5,Freezer Produk Jadi - 2kg,Produksi Internal,28000
Produk Akhir,PA04,Waffle Seasoned Fries 500gr,pcs,0,0,0,20,Freezer Produk Jadi - 500gr,Produksi Internal,52000
Produk Akhir,PA05,Waffle Seasoned Fries 1kg,pcs,0,0,0,10,Freezer Produk Jadi - 1kg,Produksi Internal,0
Produk Akhir,PA06,Waffle Seasoned Fries 2kg,pcs,0,0,0,5,Freezer Produk Jadi - 2kg,Produksi Internal,0
Produk Akhir,PA07,Rendang Seasoned Wedges 500gr,pcs,11,11,11,20,Freezer Produk Jadi - 500gr,Produksi Internal,54000
Produk Akhir,PA08,Rendang Seasoned Wedges 1kg,pcs,0,0,0,10,Freezer Produk Jadi - 1kg,Produksi Internal,0
Produk Akhir,PA09,Rendang Seasoned Wedges 2kg,pcs,0,0,0,5,Freezer Produk Jadi - 2kg,Produksi Internal,0
Produk Akhir,PA10,Mashed Potato 500gr,pcs,37,37,37,20,Freezer Produk Jadi - 500gr,Produksi Internal,47000
Produk Akhir,PA11,Mashed Potato 1kg,pcs,9,-51,-51,10,Freezer Produk Jadi - 1kg,Produksi Internal,29500
Produk Akhir,PA12,Mashed Potato 2kg,pcs,0,0,0,5,Freezer Produk Jadi - 2kg,Produksi Internal,0
Produk Akhir,PA13,Cheesy Potato Nuggets 500gr,pcs,0,0,0,20,Freezer Produk Jadi - 500gr,Produksi Internal,58000
Produk Akhir,PA14,Cheesy Potato Nuggets 1kg,pcs,11,11,11,10,Freezer Produk Jadi - 1kg,Produksi Internal,0
Produk Akhir,PA15,Cheesy Potato Nuggets 2kg,pcs,0,0,0,5,Freezer Produk Jadi - 2kg,Produksi Internal,0
Produk Akhir,PA16,Mozzarella Potato Sticks 10pcs,pcs,0,0,0,0,Freezer Produk Jadi,Produksi Internal,0
Produk Akhir,PA17,Mozzarella Potato Balls 10pcs,pcs,0,0,0,0,Freezer Produk Jadi,Produksi Internal,0
Produk Akhir,PA18,Mixed Vegetables 4 Ways 1kg,pcs,4,4,4,10,Freezer Produk Jadi - 1kg,Produksi Internal,22000
Produk Akhir,PA19,Mixed Vegetables 3 Ways 1kg,pcs,5,5,5,10,Freezer Produk Jadi - 1kg,Produksi Internal,21000
Produk Akhir,PA20,Mixed Capcay 1kg,pcs,0,0,0,10,Freezer Produk Jadi - 1kg,Produksi Internal,0
Produk Akhir,PA21,Jagung Manis Pipil 1kg,pcs,12,12,12,10,Freezer Produk Jadi - 1kg,Produksi Internal,23000
Produk Akhir,PA22,Jagung,kg,0,0,0,0,Freezer Produk Jadi,Produksi Internal,0
Produk Akhir,PA23,Wortel,kg,0,0,0,0,Freezer Produk Jadi,Produksi Internal,0
Produk Akhir,PA24,Buncis,kg,0,0,0,0,Freezer Produk Jadi,Produksi Internal,0
Produk Akhir,PA25,Kacang Polong,kg,0,0,0,0,Freezer Produk Jadi,Produksi Internal,30000
Produk Akhir,PA26,Crinkle Cut 500gr,pcs,0,0,0,20,Freezer Produk Jadi - 500gr,Produksi Internal,24000
Produk Akhir,PA27,Crinkle Cut 1kg,pcs,0,0,0,10,Freezer Produk Jadi - 1kg,Produksi Internal,24000
Produk Akhir,PA28,Crinkle Cut 2kg,pcs,0,0,0,5,Freezer Produk Jadi - 2kg,Produksi Internal,24000
Produk Akhir,PA29,Seasoned Wedges 500gr,pcs,0,0,0,20,Freezer Produk Jadi - 500gr,Produksi Internal,0
Produk Akhir,PA30,Seasoned Wedges 1kg ( Sablon ),pcs,30,30,30,10,Freezer Produk Jadi - 1kg,Produksi Internal,0
Produk Akhir,PA31,Seasoned Wedges 2kg,pcs,4,4,4,5,Freezer Produk Jadi - 2kg,Produksi Internal,31000
Produk Akhir,PA32,Sweet Chopped Carrots,pcs,0,0,0,0,Freezer Produk Jadi,Produksi Internal,0
Produk Akhir,PA33,Shoestring Battercoated 2kg,kg,0,0,0,5,Freezer Produk Jadi - 2kg,Produksi Internal,0
Produk Akhir,PA34,Baby Potato,pcs,0,0,0,0,Freezer Produk Jadi,Produksi Internal,0
Produk Akhir,PA35,Edamame 1kg,pcs,0,0,0,10,Freezer Produk Jadi - 1kg,Produksi Internal,0
Produk Akhir,,Seasoned Wedges 1kg ( Polos ),pcs,36,36,36,10,Freezer Produk Jadi - 1kg,Produksi Internal,0
Produk Akhir,,Mashed Potato 1kg ( Sablon ) GB,pcs,0,0,0,10,Freezer Produk Jadi - 1kg,Produksi Internal,0
Bahan Baku,BB01,Kentang Atlantik,kg,0,0,0,0,Freezer Bahan Baku,Supplier Bahan Baku,13000
Bahan Baku,BB02,Kentang Granola,kg,0,0,0,0,Freezer Bahan Baku,Supplier Bahan Baku,13000
Bahan Baku,BB03,Kentang Medians,kg,0,0,0,0,Freezer Bahan Baku,Supplier Bahan Baku,13000
Bahan Baku,BB04,Jagung,kg,0,0,0,0,Freezer Bahan Baku,Supplier Bahan Baku,17000
Bahan Baku,BB05,Wortel,kg,0,0,0,0,Freezer Bahan Baku,Supplier Bahan Baku,6500
Bahan Baku,BB06,Buncis,kg,0,0,0,0,Freezer Bahan Baku,Supplier Bahan Baku,13000
Bahan Baku,BB07,Kacang Polong,kg,0,0,0,0,Freezer Bahan Baku,Supplier Bahan Baku,28000
Bahan Baku,BB08,Brokoli,kg,0,0,0,0,Freezer Bahan Baku,Supplier Bahan Baku,0
Bahan Baku,BB09,Kembang Kol,kg,0,0,0,0,Freezer Bahan Baku,Supplier Bahan Baku,0
Bahan Baku,BB10,Kentang Ventury,kg,0,0,0,0,Freezer Bahan Baku,Supplier Bahan Baku,0
Bahan Kemas,BK01,Plastik uk 30x45,pcs,41600,40939,40939,0,Gudang Bahan Kemas,Supplier Kemasan,720
Bahan Kemas,BK02,Plastik uk 20x35,pcs,215,149,149,0,Gudang Bahan Kemas,Supplier Kemasan,400
Bahan Kemas,BK03,Plastik uk 15x25,pcs,0,0,0,0,Gudang Bahan Kemas,Supplier Kemasan,276.923077
Bahan Kemas,BK04,Plastik uk 90x120 (trashbag),pcs,32,32,32,0,Gudang Bahan Kemas,Supplier Kemasan,0
Bahan Kemas,BK05,Plastik Cheesy Potato Nugget 1kg,pcs,45,45,45,0,Gudang Bahan Kemas,Supplier Kemasan,700
Bahan Kemas,BK06,Plastik Cheesy Potato Nugget 250gr,pcs,95,95,95,0,Gudang Bahan Kemas,Supplier Kemasan,489.473684
Bahan Kemas,BK07,Plastik Cheesy Potato Nugget 500gr (sablon),pcs,65,65,65,0,Gudang Bahan Kemas,Supplier Kemasan,4165
Bahan Kemas,BK08,Plastik Hashbrown 1kg,pcs,180,180,180,0,Gudang Bahan Kemas,Supplier Kemasan,700
Bahan Kemas,BK09,Plastik Hashbrown 250gr,pcs,200,200,200,0,Gudang Bahan Kemas,Supplier Kemasan,489.473684
Bahan Kemas,BK10,Plastik Hashbrown 500gr,pcs,0,0,0,0,Gudang Bahan Kemas,Supplier Kemasan,576.923077
Bahan Kemas,BK11,Plastik Jagung 500gr,pcs,0,0,0,0,Gudang Bahan Kemas,Supplier Kemasan,576.923077
Bahan Kemas,BK12,Plastik Jagung 1kg,pcs,480,480,480,0,Gudang Bahan Kemas,Supplier Kemasan,700
Bahan Kemas,BK13,Plastik Mashed Potato 1kg,pcs,0,0,0,0,Gudang Bahan Kemas,Supplier Kemasan,700
Bahan Kemas,BK14,Plastik Mashed Potato 250gr,pcs,66,66,66,0,Gudang Bahan Kemas,Supplier Kemasan,489.473684
Bahan Kemas,BK15,Plastik Mashed Potato 500gr (sablon),pcs,0,0,0,0,Gudang Bahan Kemas,Supplier Kemasan,4165
Bahan Kemas,BK16,Plastik Mix Vegetables 1kg,pcs,45,45,45,0,Gudang Bahan Kemas,Supplier Kemasan,700
Bahan Kemas,BK17,Plastik Mix Vegetables 500gr,pcs,47,47,47,0,Gudang Bahan Kemas,Supplier Kemasan,576.923077
Bahan Kemas,BK18,Plastik Polos 500gr,pcs,22,22,22,0,Gudang Bahan Kemas,Supplier Kemasan,276.923077
Bahan Kemas,BK19,Plastik Polos 1kg,pcs,215,215,215,0,Gudang Bahan Kemas,Supplier Kemasan,400
Bahan Kemas,BK20,Plastik Polos 2kg,pcs,4160,4160,4160,0,Gudang Bahan Kemas,Supplier Kemasan,720
Bahan Kemas,BK21,Plastik Rendang Wedges 500gr (sablon),pcs,0,0,0,0,Gudang Bahan Kemas,Supplier Kemasan,4165
Bahan Kemas,BK22,Plastik Rendang Wedges 1kg,pcs,0,0,0,0,Gudang Bahan Kemas,Supplier Kemasan,700
Bahan Kemas,BK23,Plastik Seasoned Fries 1kg,pcs,0,0,0,0,Gudang Bahan Kemas,Supplier Kemasan,700
Bahan Kemas,BK24,Plastik Seasoned Fries 250gr,pcs,0,0,0,0,Gudang Bahan Kemas,Supplier Kemasan,489.473684
Bahan Kemas,BK25,Plastik Seasoned Fries 500gr,pcs,0,0,0,0,Gudang Bahan Kemas,Supplier Kemasan,576.923077
Bahan Kemas,BK26,Plastik Seasoned Wedges 1kg,pcs,0,0,0,0,Gudang Bahan Kemas,Supplier Kemasan,700
Bahan Kemas,BK27,Plastik Seasoned Wedges 250gr,pcs,0,0,0,0,Gudang Bahan Kemas,Supplier Kemasan,489.473684
Bahan Kemas,BK28,Plastik Seasoned Wedges 500gr,pcs,256,256,256,0,Gudang Bahan Kemas,Supplier Kemasan,576.923077
Bahan Kemas,BK29,Plastik Shoestring 1kg,pcs,71,71,71,0,Gudang Bahan Kemas,Supplier Kemasan,700
Bahan Kemas,BK30,Plastik Shoestring 500gr,pcs,61,61,61,0,Gudang Bahan Kemas,Supplier Kemasan,576.923077
Bahan Kemas,BK31,Plastik Straightcut 1kg,pcs,0,0,0,0,Gudang Bahan Kemas,Supplier Kemasan,700
Bahan Kemas,BK32,Plastik Straightcut 500gr,pcs,87,87,87,0,Gudang Bahan Kemas,Supplier Kemasan,576.923077
Bahan Kemas,BK33,Plastik Tulisan Hitam 1kg,pcs,0,0,0,0,Gudang Bahan Kemas,Supplier Kemasan,700
Bahan Kemas,BK34,Plastik Waffle Fries 500gr (sablon),pcs,396,396,396,0,Gudang Bahan Kemas,Supplier Kemasan,4165
Bahan Kemas,BK35,Plastik Waffle Fries 1kg,pcs,0,0,0,0,Gudang Bahan Kemas,Supplier Kemasan,700
Bahan Kemas,BK36,Plastik Wedges Plain 1kg,pcs,120,20,20,0,Gudang Bahan Kemas,Supplier Kemasan,700
Bahan Kemas,BK37,Plastik Wedges Plain 250gr,pcs,57,57,57,0,Gudang Bahan Kemas,Supplier Kemasan,489.473684
Bahan Kemas,BK38,Plastik Wedges Plain 500gr,pcs,234,234,234,0,Gudang Bahan Kemas,Supplier Kemasan,576.923077
Bahan Kemas,BK39,Plastik Wedges Plain 2kg,pcs,40,40,40,0,Gudang Bahan Kemas,Supplier Kemasan,1020
Bahan Kemas,BK40,Stiker Potato Balls,pcs,0,0,0,0,Gudang Bahan Kemas,Supplier Kemasan,1500
Bahan Kemas,BK41,Stiker Potato Sticks,pcs,0,0,0,0,Gudang Bahan Kemas,Supplier Kemasan,1500
Bahan Kemas,BK42,Kardus Polos,pcs,108,95,95,0,Gudang Bahan Kemas,Supplier Kemasan,7400
Bahan Kemas,BK43,Kardus Sablon,pcs,0,-35,-35,0,Gudang Bahan Kemas,Supplier Kemasan,8658
Bahan Kemas,BK44,Lakban,roll,3,3,3,0,Gudang Bahan Kemas,Supplier Kemasan,12500
Bahan Kemas,BK45,plastik 60 x 100,pcs,0,0,0,0,Gudang Bahan Kemas,Supplier Kemasan,0
Bahan Kemas,BK46,Plastik Southmount 1kg,pcs,560,560,560,0,Gudang Bahan Kemas,Supplier Kemasan,700
Bahan Kemas,BK47,Plastik Southmount 2kg,pcs,411,411,411,0,Gudang Bahan Kemas,Supplier Kemasan,1020
Bahan Kemas,BK48,plastik 40 x 60,pcs,0,0,0,0,Gudang Bahan Kemas,Supplier Kemasan,0
Bahan Kemas,BK49,Plastik Crinkle Cut 1kg,pcs,19,19,19,0,Gudang Bahan Kemas,Supplier Kemasan,700
Bahan Penolong,BP01,Masker,pcs,75,-58,-58,0,Perlengkapan Produksi,Supplier Bahan Penolong,0
Bahan Penolong,BP02,Sarung Tangan Plastik,pcs,137,-275,-275,0,Perlengkapan Produksi,Supplier Bahan Penolong,0
Bahan Penolong,BP03,Sarung Tangan Latex,pcs,0,0,0,0,Perlengkapan Produksi,Supplier Bahan Penolong,0
Bahan Penolong,BP04,Nurse Cap,pcs,17,-46,-46,0,Perlengkapan Produksi,Supplier Bahan Penolong,0
Bahan Penolong,BP05,Spidol,pcs,12,0,12,0,Perlengkapan Produksi,Supplier Bahan Penolong,0
Bahan Penolong,BP06,Sabun Cuci Piring,ml,570,0,570,0,Kebersihan & Sanitasi,Supplier Bahan Penolong,0
Bahan Penolong,BP07,Sabun Lantai,pcs,0,0,0,0,Kebersihan & Sanitasi,Supplier Bahan Penolong,0
Bahan Tambahan Pangan,BTP01,Minyak Sawit,liter,0,0,0,0,Chiller / Gudang BTP,Supplier Bumbu/BTP,0
Bahan Tambahan Pangan,BTP02,Minyak Canola,liter,5,5,5,0,Chiller / Gudang BTP,Supplier Bumbu/BTP,0
Bahan Tambahan Pangan,BTP03,Dextrose Monohydrate,gr,5300,2150,2150,0,Gudang Bumbu & BTP,Supplier Bumbu/BTP,0
Bahan Tambahan Pangan,BTP04,Malto Dextrin,gr,25000,18700,18700,0,Gudang Bumbu & BTP,Supplier Bumbu/BTP,0
Bahan Tambahan Pangan,BTP05,Citric Acid,gr,25275,24645,24645,0,Gudang Bumbu & BTP,Supplier Bumbu/BTP,0
Bahan Tambahan Pangan,BTP06,Garam,gr,14790,4600,4600,0,Gudang Bumbu & BTP,Supplier Bumbu/BTP,0
Bahan Tambahan Pangan,BTP07,Knorr,gr,9730,7710,7710,0,Gudang Bumbu & BTP,Supplier Bumbu/BTP,0
Bahan Tambahan Pangan,BTP08,Tepung Beras,gr,65000,54800,54800,0,Gudang Bumbu & BTP,Supplier Bumbu/BTP,0
Bahan Tambahan Pangan,BTP09,Tepung Terigu,gr,0,0,0,0,Gudang Bumbu & BTP,Supplier Bumbu/BTP,0
Bahan Tambahan Pangan,BTP10,Tepung Jagung,gr,3540,3540,3540,0,Gudang Bumbu & BTP,Supplier Bumbu/BTP,0
Bahan Tambahan Pangan,BTP11,Tepung Kentang,gr,2610,2610,2610,0,Gudang Bumbu & BTP,Supplier Bumbu/BTP,0
Bahan Tambahan Pangan,BTP12,Bawang Putih Bubuk / Garlic Powder,gr,34555,28565,28565,0,Gudang Bumbu & BTP,Supplier Bumbu/BTP,0
Bahan Tambahan Pangan,BTP13,Roasted Garlic,gr,1000,1000,1000,0,Gudang Bumbu & BTP,Supplier Bumbu/BTP,0
Bahan Tambahan Pangan,BTP14,Lada Putih,gr,2805,2765,2765,0,Gudang Bumbu & BTP,Supplier Bumbu/BTP,0
Bahan Tambahan Pangan,BTP15,Bumbu Rendang Indofood,pcs,27,27,27,0,Gudang Bumbu & BTP,Supplier Bumbu/BTP,0
Bahan Tambahan Pangan,BTP16,Keju Mozzarella,gr,0,0,0,0,Chiller / Gudang BTP,Supplier Bumbu/BTP,0
Bahan Tambahan Pangan,BTP17,Keju Cheddar,gr,6500,6500,6500,0,Chiller / Gudang BTP,Supplier Bumbu/BTP,0
Bahan Tambahan Pangan,BTP18,Polenta,gr,0,0,0,0,Gudang Bumbu & BTP,Supplier Bumbu/BTP,0
Bahan Tambahan Pangan,BTP19,Baking Powder,gr,6380,5530,5530,0,Gudang Bumbu & BTP,Supplier Bumbu/BTP,0
Bahan Tambahan Pangan,BTP20,Ragi,gr,0,0,0,0,Gudang Bumbu & BTP,Supplier Bumbu/BTP,0
Bahan Tambahan Pangan,BTP21,Chili Powder,gr,0,0,0,0,Gudang Bumbu & BTP,Supplier Bumbu/BTP,0
Bahan Tambahan Pangan,BTP22,Paprika Bubuk,gr,15430,15430,15430,0,Gudang Bumbu & BTP,Supplier Bumbu/BTP,0
Bahan Tambahan Pangan,BTP23,Pewarna Merah,ml,0,0,0,0,Gudang Bumbu & BTP,Supplier Bumbu/BTP,0
Bahan Tambahan Pangan,BTP24,Maizena,gr,65700,52950,52950,0,Gudang Bumbu & BTP,Supplier Bumbu/BTP,0
Bahan Tambahan Pangan,BTP25,Tapioka,gr,1000,1000,1000,0,Gudang Bumbu & BTP,Supplier Bumbu/BTP,0
